"LocalPath","StatusString"
"C:\Users\JarredWennekes\Synergise IT\Clients - Synergise IT","<ERROR>No status text found"
"C:\Users\JarredWennekes\Synergise IT\Clients - Australian Real Estate","<ERROR>No status text found"
"C:\Users\JarredWennekes\Synergise IT\Clients - Auswild","<ERROR>No status text found"
"C:\Users\JarredWennekes\Synergise IT\Projects - Micos - Server Upgrade","<ERROR>No status text found"
"C:\Users\JarredWennekes\Synergise IT\Clients - G Brothers","<ERROR>No status text found"
"C:\Users\JarredWennekes\Synergise IT\Clients - LS Commercial","<ERROR>No status text found"
"C:\Users\JarredWennekes\Synergise IT\Clients - ARC Group","<ERROR>No status text found"
"C:\Users\JarredWennekes\Synergise IT\Projects - Baldwin - Server Upgrade","<ERROR>No status text found"
"C:\Users\JarredWennekes\Synergise IT\Clients - Rickard Engineering","<ERROR>No status text found"
"C:\Users\JarredWennekes\Synergise IT\Clients - Hartwell","<ERROR>No status text found"
"C:\Users\JarredWennekes\Synergise IT\Clients - Australian Writers Guild","<ERROR>No status text found"
"C:\Users\JarredWennekes\Synergise IT\Clients - Goodsline Trading","<ERROR>No status text found"
"C:\Users\JarredWennekes\OneDrive - Synergise IT","Up to date"
"C:\Users\JarredWennekes\Synergise IT\Clients - StoryIQ","<ERROR>No status text found"
"C:\Users\JarredWennekes\Synergise IT\Clients - Sydney Strata Specialists","<ERROR>No status text found"
"C:\Users\JarredWennekes\Synergise IT\Clients - Autosports","<ERROR>No status text found"
"C:\Users\JarredWennekes\Synergise IT\Clients - Micos","<ERROR>No status text found"
"C:\Users\JarredWennekes\Synergise IT\Clients - Port Nordica","<ERROR>No status text found"
"C:\Users\JarredWennekes\Synergise IT\Support - General","<ERROR>No status text found"
"C:\Users\JarredWennekes\Synergise IT\Clients - Baldwin Living","<ERROR>No status text found"
"C:\Users\JarredWennekes\Synergise IT\Clients - PP Atkins","<ERROR>No status text found"
"C:\Users\JarredWennekes\Synergise IT\Clients - Manly 16ft Skiff","<ERROR>No status text found"
"C:\Users\JarredWennekes\Synergise IT\Clients - John Newell Mazda","<ERROR>No status text found"
"C:\Users\JarredWennekes\Synergise IT\Clients - Hepworths","<ERROR>No status text found"
"C:\Users\JarredWennekes\Synergise IT\Clients - LS Quakers Hill","<ERROR>No status text found"
"C:\Users\JarredWennekes\Synergise IT\Iris ITC - Deploy MFA","<ERROR>No status text found"
"C:\Users\JarredWennekes\Synergise IT\Clients - Iris","<ERROR>No status text found"
"C:\Users\JarredWennekes\Synergise IT\Clients - Ray White Unlimited","<ERROR>No status text found"
