"FolderPath","CurrentStateString"
"C:\Users\JarredWennekes\Synergise IT\Clients - Synergise IT","Synced"
"C:\Users\JarredWennekes\Synergise IT\Clients - Australian Real Estate","Synced"
"C:\Users\JarredWennekes\Synergise IT\Clients - Auswild","Synced"
"C:\Users\JarredWennekes\Synergise IT\Projects - Micos - Server Upgrade","Synced"
"C:\Users\JarredWennekes\Synergise IT\Clients - G Brothers","Synced"
"C:\Users\JarredWennekes\Synergise IT\Clients - LS Commercial","Synced"
"C:\Users\JarredWennekes\Synergise IT\Clients - ARC Group","Synced"
"C:\Users\JarredWennekes\Synergise IT\Projects - Baldwin - Server Upgrade","Synced"
"C:\Users\JarredWennekes\Synergise IT\Clients - Rickard Engineering","Synced"
"C:\Users\JarredWennekes\Synergise IT\Clients - Hartwell","Synced"
"C:\Users\JarredWennekes\Synergise IT\Clients - Australian Writers Guild","Synced"
"C:\Users\JarredWennekes\Synergise IT\Clients - Goodsline Trading","Synced"
"C:\Users\JarredWennekes\OneDrive - Synergise IT","Synced"
"C:\Users\JarredWennekes\Synergise IT\Clients - StoryIQ","Synced"
"C:\Users\JarredWennekes\Synergise IT\Clients - Sydney Strata Specialists","Synced"
"C:\Users\JarredWennekes\Synergise IT\Clients - Autosports","Synced"
"C:\Users\JarredWennekes\Synergise IT\Iris Capital AMM - General","Synced"
"C:\Users\JarredWennekes\Synergise IT\Clients - Micos","Synced"
"C:\Users\JarredWennekes\Synergise IT\Clients - Port Nordica","Synced"
"C:\Users\JarredWennekes\Synergise IT\Support - General","Synced"
"C:\Users\JarredWennekes\Synergise IT\Clients - Baldwin Living","Synced"
"C:\Users\JarredWennekes\Synergise IT\Clients - PP Atkins","Synced"
"C:\Users\JarredWennekes\Synergise IT\Clients - Manly 16ft Skiff","Synced"
"C:\Users\JarredWennekes\Synergise IT\Clients - John Newell Mazda","Synced"
"C:\Users\JarredWennekes\Synergise IT\Clients - Hepworths","Synced"
"C:\Users\JarredWennekes\Synergise IT\Clients - LS Quakers Hill","Synced"
"C:\Users\JarredWennekes\Synergise IT\Iris ITC - Deploy MFA","Synced"
"C:\Users\JarredWennekes\Synergise IT\Clients - Iris","Synced"
"C:\Users\JarredWennekes\Synergise IT\Clients - Ray White Unlimited","Synced"
